,Run #,Run #_EIS,Sample #,x (cm),y (cm),Pt (Atomic%),Pd (Atomic%),Au (Atomic%),Ir (Atomic%),iR drop (Ω),Notes,d_average,EN,IE,SE,d_band,IR,overP0,J0,Voc0,overP1,J1,Voc1,overP2,J2,Voc2,overP3,J3,Voc3,overP4,J4,Voc4
0,run9-2,Run9-2,1,-2,3,0.3194,0.3605,0.2653,0.0549,52.82,,9.5169,1.408432,8.809566,1.277276,-2.438672,49.53399,0.651684768,-0.702661947,1.011283604,0.638556067,-0.817726965,0.919273301,0.649659774,-0.821815577,0.873299064,0.650143045,-0.46457468,0.911280186,0.646489165,-0.273854528,0.983287022
1,run9-2,Run9-2,2,-1,3,0.2331,0.3578,0.3196,0.0895,58.82,,9.4984,1.411251,8.825351,1.265004,-2.50587,55.66116,0.612873933,-0.262327467,1.199287365,0.596222287,-0.061858819,0.989254525,0.603409526,-0.052020206,0.985212055,0.607006224,-0.051580005,0.971279628,0.607892925,-0.043826822,0.979277736
2,run9-2,Run9-2,3,0,3,0.1772,0.3511,0.3343,0.1374,57.13,,9.4106,1.416829,8.833953,1.293384,-2.521235,57.13494,0.566531954,-0.016455417,1.17328703,0.525455753,0.245003923,0.983283088,0.523221216,0.269896794,0.957221725,0.529717217,0.251492224,0.95121944,0.533032884,0.242448729,0.945209727
3,run9-2,Run9-2,4,1,3,0.1396,0.3413,0.3158,0.2032,58.75,,9.2498,1.425175,8.834796,1.360938,-2.491679,58.75264,0.547118428,0.005102701,1.22727033,0.457013118,0.464502102,0.975292773,0.444237214,0.510017671,0.941286663,0.442973223,0.514522092,0.947276499,0.443334148,0.51304383,0.963243832
4,run9-2,Run9-2,5,2,3,0.1026,0.3213,0.2827,0.2934,58.37,,9.0172,1.437703,8.840057,1.46054,-2.444315,58.36995,0.516502953,0.132091747,1.243232291,0.377448998,0.680175899,0.987248284,0.351646328,0.743351342,0.953246241,0.34646585,0.755359493,0.963234042,0.342960696,0.76422196,0.935258382
5,run9-2,Run9-2,6,-3,2,0.456,0.2622,0.2536,0.0282,54.9,,9.4594,1.414432,8.86619,1.278188,-2.468144,54.89921,0.669515118,-0.545614384,1.27124565,0.654605831,-0.396826692,1.091247516,0.656353254,-0.382239536,1.085268488,0.655002076,-0.32684442,1.053281828,0.654807758,-0.309434042,1.057279907
6,run9-2,Run9-2,7,-2,2,0.3536,0.2671,0.3249,0.0544,53.56,,9.4832,1.415447,8.882665,1.2457,-2.555821,53.56072,0.652260479,-0.477916899,1.281287842,0.65442515,-0.506452469,1.083285967,0.662248711,-0.51859005,1.045278576,0.663853013,-0.483364414,1.049246975,0.663315008,-0.455979667,1.03922073
7,run9-2,Run9-2,8,-1,2,0.2653,0.2573,0.39,0.0874,52.89,,9.4725,1.418657,8.906648,1.225298,-2.640598,52.89188,0.630265664,-0.417818254,1.271249435,0.624863593,-0.313485619,1.06129533,0.634109678,-0.342164541,1.047251287,0.63959493,-0.369602593,1.045284344,0.641750377,-0.367186101,1.019286142
8,run9-2,Run9-2,9,0,2,0.1933,0.2502,0.4159,0.1406,50.81,,9.3849,1.42463,8.918575,1.249686,-2.670061,50.80736,0.639858701,-0.832339215,1.341288467,0.62609295,-0.594450977,1.121295514,0.638568295,-0.723933339,1.095288467,0.643976039,-0.719443396,1.073223281,0.643839444,-0.718879739,1.073295514
9,run9-2,Run9-2,10,1,2,0.1472,0.2485,0.3952,0.2091,56.62,,9.2255,1.432732,8.914725,1.320042,-2.634068,56.62288,0.570982908,-0.138313268,1.291287147,0.471370361,0.428093454,1.123263591,0.450733095,0.49839713,1.083255721,0.447511788,0.511114052,1.049198645,0.448566577,0.506919802,1.051265517
10,run9-2,Run9-2,11,2,2,0.1189,0.2495,0.3333,0.2983,57.43,,8.9862,1.443692,8.898284,1.437068,-2.540071,57.43455,0.567533084,-0.108729734,1.32120351,0.428857503,0.556036663,1.125251123,0.394611841,0.64425992,1.095239119,0.392292778,0.650775586,1.07120351,0.395119041,0.645795183,1.049209253
11,run9-2,Run9-2,12,3,2,0.0875,0.2336,0.2712,0.4077,61.62,,8.6894,1.458399,8.892469,1.572768,-2.450082,61.62326,0.539248641,-0.006689121,1.301224203,0.359017306,0.725327468,1.135202635,0.334210791,0.780887786,1.111226052,0.337651694,0.771591667,1.09329242,0.346770922,0.750084401,1.105247559
12,run9-2,Run9-2,13,-3,1,0.5202,0.203,0.2568,0.0199,56.36,,9.4191,1.418639,8.902779,1.27732,-2.498137,56.357,0.691561797,-0.780846347,1.361295024,0.680653771,-0.731139087,1.101269624,0.677417183,-0.660516988,1.079275485,0.67536871,-0.573128171,1.085275485,0.674508476,-0.529954974,1.079296979
13,run9-2,Run9-2,14,-2,1,0.3991,0.2076,0.3451,0.0482,55.36,,9.4563,1.419716,8.924947,1.234122,-2.608141,55.35549,0.683983689,-0.829404528,1.351235788,0.681665409,-0.861048506,1.097295112,0.682767916,-0.810665352,1.073291254,0.684282054,-0.769383413,1.085228038,0.684578483,-0.731944441,1.07324708
14,run9-2,Run9-2,15,-1,1,0.2945,0.1966,0.4287,0.0802,55.17,,9.4649,1.422554,8.954659,1.199398,-2.717797,55.16837,0.678664057,-0.873332475,1.361266402,0.67125176,-0.75056038,1.10923766,0.675315157,-0.738971143,1.075260665,0.678072342,-0.708537998,1.065258789,0.681846322,-0.665572631,1.05714608
15,run9-2,Run9-2,16,0,1,0.2084,0.1914,0.4746,0.1256,56.09,,9.4148,1.427098,8.97073,1.20248,-2.773754,56.09453,0.664606146,-0.871086957,1.33128923,0.64140444,-0.536850372,1.125186128,0.641314745,-0.448958802,1.097265838,0.646354914,-0.432987929,1.097283396,0.651579069,-0.436547653,1.067261968
16,run9-2,Run9-2,17,1,1,0.1589,0.189,0.4596,0.1924,49.48,,9.2629,1.434818,8.96794,1.267208,-2.745535,59.07408,0.623637619,-0.482252012,1.331253804,0.551874414,0.132257766,1.153241517,0.530557124,0.263291576,1.119274303,0.53334687,0.268184525,1.087296834,0.539104051,0.253435262,1.095219069
17,run9-2,run9-2,18,2,1,0.129,0.1878,0.3963,0.2869,77.26,,9.0103,1.446731,8.953434,1.389966,-2.650111,77.26051,0.609626364,-1.142302709,1.401236878,0.509106632,0.21769075,1.185274427,0.471463762,0.423769732,1.163188745,0.469487052,0.447168313,1.16929854,0.473432254,0.44990719,1.167185654
18,run9-2,run9-2,19,3,1,0.1015,0.1821,0.3193,0.3972,81.13,,8.7079,1.461061,8.938177,1.536132,-2.536418,81.12698,,,,0.405901064,0.573061746,1.191295652,0.379789505,0.670298208,1.195104484,0.374172843,0.687850815,1.215093126,0.38142636,0.669930148,1.196986039
19,run9-2,run9-2,20,-3,0,0.571,0.1548,0.2559,0.0183,58.5,,9.3741,1.422963,8.9333,1.283602,-2.517651,58.50029,0.727075146,,1.541264373,0.709101542,,1.521262384,0.707614544,,1.491290757,0.705758117,,1.471128594,0.706482568,,1.461268468
20,run9-2,run9-2,21,-2,0,0.4437,0.1496,0.3574,0.0492,59.51,,9.4077,1.424656,8.963342,1.233792,-2.648249,59.50539,0.712004776,,1.481259655,0.709469263,,1.481263761,0.710058139,,1.471226808,0.709056647,,1.471232759,0.708921138,,1.461274115
21,run9-2,run9-2,22,-1,0,0.3275,0.151,0.4458,0.0758,68.58,,9.4461,1.425976,8.9884,1.189756,-2.760191,68.5798,0.714323657,,1.481284432,0.713476875,,1.541144324,0.718114064,,1.491251103,0.715953029,,1.271215647,0.716607982,,1.249206046
22,run9-2,run9-2,23,0,0,0.2299,0.1456,0.5111,0.1135,59.27,,9.4306,1.429303,9.009756,1.17235,-2.842724,59.26933,0.709739418,,1.471255726,0.709065987,,1.17929271,0.70740203,,1.157272143,0.707626204,,1.247286546,0.708098693,,1.235247487
23,run9-2,run9-2,24,1,0,0.1721,0.1389,0.5193,0.1697,39.96,,9.3188,1.43578,9.01579,1.212032,-2.848187,80.32555,0.691491014,,1.561298482,0.674684496,-1.453171365,1.511248351,0.683857769,-1.842135229,1.311253893,0.680948875,-1.065836422,1.281270601,0.681307864,-0.832963135,1.261245539
24,run9-2,run9-2,25,2,0,0.1406,0.1429,0.4636,0.2529,64.31,,9.1007,1.445686,8.999103,1.31925,-2.761892,64.31039,0.635852694,-2.643309928,1.491265337,0.554290676,0.004175972,1.195298785,0.535525632,0.166906312,1.159220898,0.529986684,0.235015864,1.151149514,0.532117249,0.252350489,1.165247458
25,run9-2,run9-2,26,3,0,0.1102,0.1487,0.3793,0.3618,96.88,,8.8044,1.458829,8.973835,1.46794,-2.633777,96.8841,0.637247699,,1.561240998,0.50809677,0.209989343,1.331257855,0.484379561,0.345721246,1.311298169,0.483511204,0.384391323,1.341237704,0.488165212,0.368764762,1.341187614
26,run9-2,run9-2,27,-3,-1,0.6076,0.1243,0.2557,0.0124,72.59,,9.3552,1.425063,8.952097,1.2833,-2.531025,72.59431,0.73436495,,1.461250781,0.714218106,,1.51127343,0.715605885,,1.501296109,0.712611514,,1.471253322,0.712955322,,1.481278512
27,run9-2,run9-2,28,-2,-1,0.5015,0.1228,0.3399,0.0358,59.39,,9.3911,1.426088,8.975995,1.239922,-2.638681,59.38858,0.723634716,,1.491272087,0.7093957,,1.541191913,0.710410545,,1.51125148,0.710419565,,1.491220419,0.712366198,,1.481282421
28,run9-2,run9-2,29,-1,-1,0.3793,0.1273,0.4327,0.0607,,,9.4386,1.426566,8.99851,1.19054,-2.754873,,,,,,,,,,,,,,,,
29,run9-2,run9-2,30,0,-1,0.2616,0.1167,0.5259,0.0957,59.64,,9.4503,1.429362,9.0297,1.150908,-2.876292,59.64196,0.715639288,,1.481259563,0.715842124,,1.311280259,0.71702512,,1.217239165,0.719730528,,1.271135388,0.720856465,,1.251271968
30,Run9-2,run9-2,31,1,-1,0.1874,0.109,0.5628,0.1409,,,9.3909,1.434577,9.046681,1.161136,-2.921987,,,,,,,,,,,,,,,,
31,Run9-2,run9-2,32,2,-1,0.139,0.1152,0.5325,0.2133,63.65,,9.2211,1.442445,9.034484,1.240462,-2.869329,63.65197,0.658396628,-0.868959923,1.351298797,0.566432536,0.033933154,1.13715551,0.512472894,0.328953094,1.091230619,0.497496943,0.392118485,1.093212797,0.49501015,0.410680102,1.075263464
32,Run9-2,run9-2,33,3,-1,0.116,0.1212,0.459,0.3037,55.91,,8.9719,1.453175,9.010927,1.366184,-2.757643,55.90944,0.60974188,-0.418574701,1.321295063,0.454672147,0.48212774,1.117231231,0.386722576,0.662448375,1.09521334,0.377216668,0.683813736,1.091225081,0.382888352,0.672619716,1.095232909
33,Run9-2,run9-2,34,-3,-2,0.6525,0.1073,0.2393,0.0009,59.65,,9.3448,1.425656,8.958094,1.288616,-2.518291,59.65318,0.712309791,-1.309751671,1.361259555,0.680764865,-0.688449033,1.113187255,0.669779109,-0.451196954,1.103278167,0.665013752,-0.36896873,1.117257467,0.662894674,-0.317848507,1.123294733
34,Run9-2,run9-2,35,-2,-2,0.5396,0.1063,0.3239,0.0302,58.33,,9.3698,1.427277,8.981849,1.249592,-2.625435,58.33214,0.712933424,-1.401677386,1.361167586,0.693723,-1.135965652,1.075264476,0.684418622,-0.812560434,1.083244234,0.676898563,-0.634617963,1.111254384,0.673189648,-0.540318932,1.107179252
35,Run9-2,run9-2,36,-1,-2,0.4261,0.1038,0.4185,0.0516,64.56,,9.4191,1.427964,9.009155,1.197058,-2.747415,64.56223,0.728554244,-1.922127999,1.371269656,0.719982948,,1.103285344,0.716176123,-1.713507767,1.107227045,0.709167384,-1.119695853,1.10529878,0.705279664,-0.951451589,1.093260682
36,Run9-2,run9-2,37,0,-2,0.2963,0.1031,0.5191,0.0815,58.26,,9.4592,1.429304,9.03705,1.146632,-2.875309,58.25886,0.707674614,-1.261939616,1.30126452,0.695522925,,1.075234167,0.690879038,-1.391721537,1.059195717,0.688139218,-1.047200546,1.059276696,0.686435464,-0.839666326,1.043292834
37,Run9-2,run9-2,38,1,-2,0.2058,0.0902,0.5836,0.1204,67.62,,9.433,1.433454,9.062852,1.131828,-2.959776,67.61588,0.715640609,-1.59382705,1.381172206,0.706579258,,1.065258822,0.708159654,,1.069268221,0.702906794,-2.493800366,1.059172206,0.697485533,-1.225616978,1.065242459
38,Run9-2,run9-2,39,2,-2,0.1568,0.0941,0.5826,0.1665,60.39,,9.3437,1.438194,9.060625,1.168902,-2.950374,60.3899,0.673436579,-1.109286212,1.371275844,0.629942014,-0.451114093,1.081210623,0.615364872,-0.251641184,1.06522572,0.605835204,-0.130162709,1.063288405,0.601227314,-0.063197446,1.061282125
39,Run9-2,run9-2,40,3,-2,0.1267,0.1018,0.5288,0.2426,65.45,,9.1445,1.446804,9.04119,1.268368,-2.865783,65.45326,0.646985253,-0.971739452,1.361255623,0.54918387,0.096399332,1.12116713,0.517412996,0.275467176,1.077176293,0.502809963,0.345845723,1.059278335,0.499589726,0.369928483,1.057276044
40,Run9-2,run9-2,41,-2,-3,0.5787,0.0904,0.3089,0.0221,58.17,,9.356,1.428261,8.988472,1.256586,-2.613822,58.16581,0.721904715,,1.431276734,0.692886838,,1.193230201,0.689981817,,1.089288832,0.688071641,,1.243284761,0.686176268,,1.183266613
41,Run9-2,run9-2,42,-1,-3,0.4636,0.0972,0.3994,0.0398,56.92,,9.417,1.427642,9.007972,1.202676,-2.726818,56.92257,0.728680909,,1.421294974,0.710304123,,1.119241939,0.706290376,,1.105292999,0.701985557,,1.129091663,0.699680328,,1.169237954
42,Run9-2,run9-2,43,0,-3,0.3342,0.093,0.509,0.0637,58.92,,9.4737,1.428313,9.039511,1.141132,-2.868587,58.91659,0.723619133,,1.431251865,0.7116055,,1.103282561,0.710238717,,1.113272309,0.70734352,,1.261186291,0.705276017,,1.157284564
43,Run9-2,run9-2,44,1,-3,0.238,0.0902,0.5812,0.0905,60.95,,9.4895,1.430069,9.061009,1.109536,-2.960593,60.94601,0.729125984,,1.431294618,0.717347061,,1.137288298,0.716638796,,1.11522077,0.712642703,,1.099294618,0.709527822,,1.099292504
44,Run9-2,run9-2,45,2,-3,0.1802,0.0875,0.5998,0.1325,79.08,,9.4223,1.434704,9.069021,1.129898,-2.980438,,,,,,,,,,,,,,,,
46,Run10-2,Run10-2,1,-2,3,0.2717,0.3499,0.3062,0.0721,49.88,,9.511,1.410172,8.825561,1.261958,-2.493845,79.03659,0.659665575,-0.343027123,1.111279292,0.633493994,-0.065911423,1.07124096,0.62216306,0.054392686,1.063109522,0.617569898,0.096553475,1.059290278,0.474632563,0.545843481,1.057268385
47,Run10-2,Run10-2,2,-1,3,0.1951,0.3545,0.347,0.1035,58.82,,9.4954,1.412684,8.835831,1.256538,-2.541415,72.53313,0.622805133,-0.44472698,1.301298629,0.589600071,-4.9995E-05,1.055273453,0.587070341,0.086496441,1.029298629,0.588037389,0.11733193,1.031173067,0.588262991,0.146156664,1.023245818
48,Run10-2,Run10-2,3,0,3,0.1444,0.3373,0.3648,0.1535,57.13,,9.3951,1.419232,8.850905,1.285626,-2.564732,71.07697,0.579133495,-0.173326182,1.261224658,0.485450064,0.401477946,0.989224658,0.439476754,0.547697836,1.011246906,0.414868485,0.608654446,1.023145763,0.397943594,0.645275006,0.999224658
49,Run10-2,Run10-2,4,1,3,0.1071,0.3289,0.3434,0.2206,58.75,,9.2311,1.427797,8.851006,1.356318,-2.530832,78.02795,0.512407037,0.194572807,1.245233598,0.397765959,0.633162074,1.061206366,0.382010159,0.672417945,1.041090105,0.384564037,0.66762712,0.999168913,0.388459588,0.659687069,1.005260596
50,Run10-2,Run10-2,5,2,3,0.0807,0.3088,0.3047,0.3059,58.37,,9.0026,1.439907,8.854768,1.456158,-2.47686,73.33396,0.463251737,0.359134682,1.311265533,0.295396041,0.87942315,1.251199532,0.277091603,0.914553887,1.249237593,0.282766244,0.892869926,1.117283353,0.298983679,0.85415584,1.083278293
51,Run10-2,Run10-2,6,-3,2,0.3943,0.2626,0.3045,0.0386,54.9,,9.4899,1.414522,8.879789,1.248786,-2.533199,74.39021,0.646266299,-0.183153182,1.271285717,0.65515557,-0.166586624,1.113226354,0.669940436,-0.244062095,1.10923409,0.673670058,-0.228210656,1.087259904,0.67528899,-0.203627182,1.073241827
52,Run10-2,Run10-2,7,-2,2,0.2968,0.2589,0.3731,0.0712,53.56,,9.4896,1.417069,8.900931,1.22462,-2.620055,75.01263,0.657546464,-0.612223925,1.321233539,0.646182929,-0.344188458,1.115280347,0.65514123,-0.327788457,1.071207734,0.659881597,-0.310593249,1.067233539,0.662244023,-0.2774014,1.047202484
53,Run10-2,Run10-2,8,-1,2,0.2161,0.2553,0.429,0.1026,52.89,,9.5061,1.424049,8.94545,1.213318,-2.69715,82.4947,0.627646842,-0.537994179,1.29125834,0.6109885,-0.229271069,1.063272694,0.626167786,-0.306206917,1.031224022,0.633850571,-0.295501493,1.029189457,0.634628264,-0.249370437,1.059155634
54,Run10-2,Run10-2,9,0,2,0.1599,0.245,0.4481,0.1471,50.81,,9.3998,1.425313,8.931454,1.231934,-2.713742,88.22662,0.656425099,-1.058808543,1.381276885,0.587638626,-0.011905841,1.141234095,0.575492352,0.096611127,1.095194128,0.570867656,0.138523561,1.057215655,0.567131936,0.170774036,1.041298333
55,Run10-2,Run10-2,10,1,2,0.1157,0.2288,0.4342,0.2213,58.17,,9.2204,1.435067,8.937591,1.3037,-2.691724,,,,,,,,,,,,,,,,
56,Run10-2,Run10-2,11,2,2,0.0897,0.232,0.3647,0.3153,57.43,,8.9814,1.448957,8.933014,1.432398,-2.59,82.21868,0.536494405,-0.023863736,1.321264235,0.372450731,0.692158492,1.097287009,0.346840647,0.763841555,1.047278459,0.343479387,0.772193189,1.037261357,0.349031957,0.754001807,1.021272786
57,Run10-2,Run10-2,12,3,2,0.0674,0.2104,0.295,0.4272,61.62,,8.651,1.462156,8.913474,1.574004,-2.488274,86.69299,0.486429517,0.169965942,1.331208105,0.340218038,0.793442492,1.097280321,0.323985754,0.844685077,1.119292345,0.321722667,0.854555256,1.12726827,0.324294606,0.842517906,1.163117945
58,Run10-2,Run10-2,13,-3,1,0.4335,0.1981,0.328,0.0403,56.36,,9.4446,1.4199,8.925245,1.241638,-2.590611,63.84298,0.778896711,-0.785133834,1.151181252,0.775012811,-0.807821288,1.105238966,0.7550145,-1.01992437,1.10721445,0.755531435,-0.932684285,1.103272228,0.752509617,-0.823968482,1.089256714
59,Run10-2,Run10-2,14,-2,1,0.3259,0.1963,0.4102,0.0677,55.36,,9.472,1.42172,8.950621,1.203278,-2.695663,83.23702,0.707524368,-0.902677765,1.301165988,0.688409579,-0.531235593,1.101165988,0.69167572,-0.443612207,1.083298427,0.694247889,-0.431039964,1.063289762,0.693646545,-0.376768782,1.061263792
60,Run10-2,Run10-2,15,-1,1,0.2328,0.1835,0.4858,0.0979,55.17,,9.4735,1.424538,8.978375,1.173138,-2.795622,68.90058,0.717233491,-1.558031716,1.341279605,0.681066774,-0.56957918,1.111207673,0.687932269,-0.563205322,1.103250874,0.68588901,-0.494629063,1.067262863,0.683600354,-0.457634507,1.065286771
62,Run10-2,Run10-2,17,1,1,0.1246,0.168,0.5033,0.204,49.48,,9.2624,1.43711,8.992875,1.24709,-2.809978,76.68604,0.621077696,-0.599606822,1.381232056,0.512958498,0.313926773,1.119290568,0.502409141,0.367925614,1.07523474,0.492965821,0.407434183,1.067066874,0.490934335,0.420750531,1.069245323
63,Run10-2,Run10-2,18,2,1,0.0935,0.1705,0.4324,0.3036,77.26,,8.9957,1.449403,8.974074,1.379034,-2.70233,96.0726,0.603632595,-0.263842864,1.361281554,0.461546134,0.479945885,1.201208155,0.430353774,0.559894299,1.173291517,0.421935017,0.580571652,1.179081915,0.42031072,0.584289956,1.181228234
64,Run10-2,Run10-2,19,3,1,0.0711,0.1614,0.345,0.4226,81.13,,8.6621,1.465204,8.958204,1.540332,-2.575223,85.98869,0.507598855,0.049385666,1.301056652,0.344104815,0.781102463,0.989194234,0.323356915,0.847336834,0.99523869,0.320327615,0.852917866,0.981262595,0.325766478,0.832293531,1.043298375
65,Run10-2,Run10-2,20,-3,0,0.4831,0.1529,0.3268,0.0373,58.5,,9.406,1.42395,8.954707,1.24675,-2.608893,69.99062,0.802081179,-0.97636639,1.431267104,0.76362097,-0.399420502,1.171213912,0.752281828,-0.987132114,1.117216011,0.804846538,-0.210819311,1.117284112,0.762810643,-0.544322233,1.101286562
66,Run10-2,Run10-2,21,-2,0,0.3653,0.1601,0.4174,0.0572,59.51,,9.4631,1.423535,8.974008,1.19447,-2.721544,77.73178,0.74174818,-1.252032819,1.37123385,0.72706644,-0.964014623,1.111201281,0.731539372,-1.261707936,1.133290439,0.726925245,-1.101653972,1.07727155,0.723641003,-0.953400468,1.073274271
67,Run10-2,Run10-2,22,-1,0,0.2529,0.1478,0.5112,0.0881,68.58,,9.4828,1.426165,9.007269,1.1515,-2.845262,,,,,,,,,,,,,,,,
68,Run10-2,Run10-2,23,0,0,0.1751,0.1289,0.5691,0.1269,59.27,,9.4442,1.430976,9.035008,1.14234,-2.923617,74.78502,0.710974152,-0.763057519,1.421262234,0.680820841,-0.225087823,1.159228506,0.68386194,-0.18639853,1.119277864,0.680652561,-0.132853993,1.107280406,0.679083683,-0.092351769,1.095163891
69,Run10-2,Run10-2,24,1,0,0.1295,0.1213,0.5666,0.1826,80.33,,9.3227,1.437837,9.039602,1.189814,-2.915736,85.77643,0.679125641,-1.579573287,1.491179055,0.593898535,0.047552911,1.177286447,0.599737597,0.052976922,1.149265689,0.593948877,0.102838377,1.127262687,0.5887334,0.13669749,1.125111292
70,Run10-2,Run10-2,25,2,0,0.0971,0.124,0.504,0.2749,64.31,,9.0782,1.448999,9.021949,1.3096,-2.819674,92.86716,0.594660654,-0.37829997,1.391262853,0.44840714,0.490625313,1.157249945,0.453245428,0.492820984,1.129224128,0.445972248,0.520109686,1.095262853,0.441611258,0.535826317,1.10722097
71,Run10-2,Run10-2,26,3,0,0.0767,0.126,0.4065,0.3907,96.88,,8.7502,1.463363,8.994646,1.473962,-2.674672,85.31984,0.539617896,-0.24591862,1.371283619,0.360157787,0.729979485,1.11115069,0.344768625,0.77568187,1.119245139,0.346120066,0.769073754,1.115123388,0.353148034,0.745289546,1.125218434
72,Run10-2,Run10-2,27,-3,-1,0.5273,0.1176,0.3237,0.0314,72.59,,9.3785,1.426396,8.974801,1.249118,-2.620259,73.93717,0.766577912,-0.844266528,0.955473752,0.711782137,-0.387534174,1.067298603,0.710353803,-0.325956841,1.053195749,0.710655645,-0.286210687,1.067224584,0.712075229,-0.233933996,1.057242181
73,Run10-2,Run10-2,28,-2,-1,0.4087,0.1258,0.4146,0.0509,59.39,,9.4386,1.425985,8.994455,1.196304,-2.733164,82.33977,0.724707444,-1.260331201,1.291244174,0.710632671,-0.80053976,1.0012613,0.715645066,-0.879068605,1.073227047,0.715462341,-0.825574216,1.015138614,0.712679575,-0.72538798,1.011150142
74,Run10-2,Run10-2,29,-1,-1,0.2973,0.1163,0.5138,0.0726,,,9.4849,1.427243,9.027346,1.141586,-2.864068,76.92261,0.704629971,-0.850188467,1.051271846,0.699831777,-0.743209766,1.005287846,0.704084278,-0.733647834,0.951231847,0.695863668,-0.507526106,0.929279846,0.695733872,-0.466377332,0.855263846
75,Run10-2,Run10-2,30,0,-1,0.1975,0.0984,0.5921,0.1119,59.64,,9.4658,1.431467,9.059082,1.117442,-2.968432,80.2314,0.70115776,-0.877684033,1.281290132,0.694304144,-0.594745942,1.043228915,0.690099678,-0.562546301,1.035173234,0.679314709,-0.422563179,0.999259483,0.670733384,-0.316416242,0.983167618
76,Run10-2,Run10-2,31,1,-1,0.1397,0.0928,0.6118,0.1556,,,9.3925,1.436384,9.06831,1.138608,-2.990473,97.5604,0.763339393,-0.93885499,1.301294771,0.660970131,-0.090993457,1.157267708,0.638523352,0.061344964,1.121203415,0.617324854,0.145797566,1.085284585,0.588336156,0.239738404,1.053180001
77,Run10-2,Run10-2,32,2,-1,0.1046,0.0912,0.5719,0.2323,63.65,,9.1985,1.445907,9.060192,1.229866,-2.928363,81.95236,0.626151886,-0.47907234,1.271270005,0.504403468,0.368880682,1.019295607,0.507798367,0.372728349,1.039216409,0.493086097,0.423037235,1.02128992,0.484443358,0.4515164,1.043153305
78,Run10-2,Run10-2,33,3,-1,0.0831,0.0973,0.4826,0.337,55.91,,8.9059,1.458661,9.033346,1.378854,-2.79416,95.1824,0.564193989,-0.15967453,1.239298201,0.403937373,0.606962092,0.933251933,0.390273458,0.647062969,0.959093454,0.383217712,0.665844867,0.989284961,0.380806126,0.672482852,0.98915913
79,Run10-2,Run10-2,34,-3,-2,0.5665,0.095,0.3169,0.0216,59.65,,9.3687,1.427488,8.986879,1.249474,-2.622215,,,,,,,,,,,,,,,,
80,Run10-2,Run10-2,35,-2,-2,0.4542,0.1072,0.3981,0.0405,58.33,,9.4243,1.426845,9.001428,1.202798,-2.720817,,,,,,,,,,,,,,,,
81,Run10-2,Run10-2,36,-1,-2,0.3267,0.1005,0.5033,0.0695,64.56,,9.4648,1.428534,9.034276,1.149088,-2.857383,76.62547,0.772537718,-0.881477112,0.804610446,0.731490621,-0.83840229,0.941274637,0.738127814,-1.228581573,0.861263986,0.741000652,-1.109070271,0.875248048,0.741141701,-1.063190698,0.929261304
82,Run10-2,Run10-2,37,0,-2,0.2258,0.0858,0.5901,0.0984,58.26,,9.48,1.431444,9.068011,1.110182,-2.973444,78.54005,0.714573059,-1.215806862,1.331254918,0.703799779,-1.047260437,1.041233162,0.709091355,-1.755120918,1.023178263,0.707131002,-1.229471896,1.019263086,0.706351181,-1.028920172,1.025178263
83,Run10-2,Run10-2,38,1,-2,0.1493,0.0806,0.6372,0.1329,67.62,,9.452,1.434621,9.083401,1.103508,-3.032274,82.761,0.68966024,-0.912718414,1.301042613,0.662009529,-0.373002247,1.049295564,0.666120351,-0.48240822,1.019258206,0.661045968,-0.377047422,1.023249599,0.658521126,-0.316657979,1.019298436
84,Run10-2,Run10-2,39,2,-2,0.1098,0.0749,0.626,0.1894,60.39,,9.323,1.441717,9.085372,1.157942,-3.012311,86.71306,0.631912549,-0.440576293,1.281280316,0.552371364,0.236371091,1.029199413,0.568769294,0.201623093,1.009286299,0.589261913,0.128371882,0.957229155,0.601385813,0.073335282,0.975298361
85,Run10-2,Run10-2,40,3,-2,0.0868,0.0861,0.555,0.2721,65.45,,9.0969,1.451082,9.059189,1.274926,-2.902794,92.47388,0.599940046,-0.336470263,1.361227685,0.450856761,0.500300167,1.117295043,0.437219893,0.541374105,1.081253301,0.432209915,0.556654143,1.031205677,0.43547998,0.552083422,1.043127999
86,Run10-2,Run10-2,41,-2,-3,0.4761,0.092,0.3936,0.0383,58.17,,9.409,1.428061,9.009615,1.206496,-2.721614,,,,,,,,,,,,,,,,
87,Run10-2,Run10-2,42,-1,-3,0.3729,0.0909,0.4797,0.0566,56.92,,9.4583,1.428595,9.034623,1.157724,-2.83253,77.88223,0.759075299,-0.756975995,1.281260669,0.765587448,-0.714149301,1.09518785,0.782619618,-0.72906239,1.09306869,0.775078721,-0.792170863,1.10923637,0.773493145,-0.698019995,1.107295826
88,Run10-2,Run10-2,43,0,-3,0.2573,0.0782,0.5824,0.0821,58.92,,9.4964,1.430345,9.069585,1.103756,-2.968606,79.41615,0.727233032,-2.068020555,1.411281973,0.713911741,-1.299453546,1.087262674,0.721877888,,1.077207877,0.719631992,-2.034928969,1.081290232,0.718751124,-1.354780602,1.061279193
89,Run10-2,Run10-2,44,1,-3,0.17,0.0678,0.6538,0.1084,60.95,,9.5048,1.432746,9.095574,1.073416,-3.062826,85.45136,0.686967108,-1.038777391,1.33120344,0.66799364,-0.520313182,1.111191477,0.671891937,-0.578458629,1.071200876,0.672027965,-0.516490214,1.063298385,0.673763103,-0.491621426,1.077043646
90,Run10-2,Run10-2,45,2,-3,0.1232,0.0679,0.6599,0.149,79.08,,9.4298,1.437081,9.097565,1.101368,-3.065091,76.4011,0.669030138,-0.616050085,1.39123758,0.617259249,0.023694389,1.085250874,0.638587823,-0.108233219,1.081226961,0.637195325,-0.079003243,1.083202971,0.635498398,-0.045206111,1.091176994
92,run11-2,run11-2,1,-2,3,0.2022,0.253,0.4393,0.1055,48.63,,9.4813,1.420049,8.922806,1.203898,-2.704453,48.62664,0.720576083,-0.882735829,1.091295706,0.722380229,-0.796823277,0.827277145,0.718176466,-0.757756892,0.969290664,0.711727573,-0.689281564,1.049297394,0.707635232,-0.658679269,1.10528726
93,run11-2,run11-2,2,-1,3,0.1438,0.2394,0.4781,0.1387,56.26,,9.4401,1.424149,8.942046,1.20365,-2.756345,56.26278,0.627830156,-0.547439366,1.245246213,0.569488897,0.048346106,1.013215043,0.584490658,0.01582098,1.013212793,0.597065063,-0.008909141,0.949248182,0.598935991,0.01148583,0.959269674
94,run11-2,run11-2,3,0,3,0.1079,0.2247,0.4793,0.1881,59.75,,9.3278,1.430882,8.951978,1.24434,-2.757175,59.74762,0.608012797,-0.60391062,1.311296798,0.511866133,0.259719602,1.021282315,0.491634755,0.376934568,0.989298871,0.492584914,0.387406589,0.995209781,0.495140864,0.389644829,0.993284346
95,run11-2,run11-2,4,1,3,0.0743,0.2115,0.4438,0.2703,60.87,,9.1138,1.441678,8.950503,1.33807,-2.704481,60.86523,0.570853052,-0.520012458,1.221252403,0.441887025,0.438918819,0.943262933,0.436375013,0.473802491,0.915132012,0.44842495,0.446361776,0.911250273,0.466302891,0.406780761,0.893271393
96,run11-2,run11-2,5,2,3,0.0541,0.1918,0.3745,0.3796,68.81,,8.8071,1.457004,8.945995,1.479698,-2.606895,68.81409,,,,0.360703331,0.730703004,0.907286788,0.329696139,0.814055394,0.931298699,0.333717791,0.792283544,0.953296312,0.351145465,0.743905113,0.979289127
97,run11-2,run11-2,6,-3,2,0.3033,0.1987,0.4302,0.0678,51.77,,9.4933,1.420971,8.953638,1.188074,-2.720616,51.76874,0.678544564,-0.881899962,1.203229077,0.672894093,-1.065300959,0.929232701,0.687812286,-1.091741287,0.965227006,0.691589841,-0.733659773,0.971227006,0.692687753,-0.567154255,0.971241501
98,run11-2,run11-2,7,-2,2,0.2191,0.1881,0.4972,0.0956,55.9,,9.4941,1.423643,8.978578,1.162218,-2.808946,55.89688,0.698912651,-1.016105296,1.225169201,0.694316171,-0.937323236,0.959289268,0.702184581,-1.100567587,0.969264058,0.700639304,-0.971166221,0.967231247,0.700912524,-0.845610878,1.003229011
99,run11-2,run11-2,8,-1,2,0.1544,0.1669,0.5517,0.127,52.39,,9.4646,1.427915,9.006751,1.149976,-2.884849,52.39036,0.664854111,-0.95103126,1.151297192,0.641264415,-0.552901708,0.931275377,0.647413847,-0.619017773,0.931266313,0.635834016,-0.426149814,0.921288107,0.633164134,-0.337812613,0.993233464
100,run11-2,run11-2,9,0,2,0.1015,0.1495,0.5707,0.1783,48.52,,9.3636,1.434744,9.023182,1.179392,-2.909865,48.51796,0.642059193,-0.87027171,1.271290685,0.56179181,-0.061247384,0.911285639,0.553325382,0.034128302,0.935273849,0.556903592,0.065376822,0.945292334,0.558904132,0.073766433,0.983236927
101,run11-2,run11-2,10,1,2,0.0811,0.141,0.5254,0.2524,73.44,,9.1607,1.444422,9.016066,1.273236,-2.843493,73.43685,0.592936601,-0.647997195,1.157298612,0.44748794,0.470533513,0.955275692,0.437719123,0.516382686,0.953245143,0.43617871,0.529767609,0.921288397,0.442409573,0.518452401,0.939240002
102,run11-2,run11-2,11,2,2,0.0588,0.1365,0.4358,0.3689,72.69,,8.8345,1.459578,8.996725,1.433518,-2.711922,72.69406,,,,0.359770749,0.734799419,0.917278483,0.3374839,0.79448942,0.937162608,0.340576902,0.776341901,0.951200409,0.355832195,0.733346152,0.965280954
103,run11-2,run11-2,12,3,2,0.0417,0.1253,0.3351,0.4979,79.19,,8.4646,1.47679,8.97777,1.612804,-2.566649,79.19242,0.480708345,-0.133953311,1.261251772,0.318719103,0.935780909,0.937191506,0.302429418,0.945090579,1.011290259,0.306640034,0.896452581,1.031268323,0.320708621,0.835693535,1.059282023
104,run11-2,run11-2,13,-3,1,0.3362,0.1524,0.449,0.0624,52.51,,9.4766,1.424168,8.987366,1.176324,-2.765446,52.51271,0.70381129,-1.246925476,1.205297185,0.694119593,-1.443111419,0.965284456,0.702557196,-1.513720301,1.015262558,0.705430367,-1.27866953,1.055295363,0.704363354,-0.99043757,0.99328078
105,run11-2,run11-2,14,-2,1,0.2435,0.1388,0.5317,0.0859,51.62,,9.4978,1.426179,9.017466,1.135682,-2.87598,51.62281,0.716867093,-1.426928266,1.29128472,0.704656223,-2.29830102,1.039219985,0.712289104,,0.997203982,0.708242452,-2.194513362,1.005261438,0.702849072,-1.239610105,1.037297233
106,run11-2,run11-2,15,-1,1,0.1622,0.1254,0.596,0.1164,51.64,,9.4886,1.429598,9.044336,1.114524,-2.961796,51.63543,0.684589189,-1.121059074,1.341248881,0.657520379,-0.718004192,1.075257814,0.658929811,-0.678544561,1.021284716,0.656679744,-0.599813551,1.033245266,0.654404869,-0.522188106,1.019291842
107,run11-2,run11-2,16,0,1,0.11,0.1056,0.6252,0.1591,54.5,,9.4117,1.435349,9.064027,1.1297,-3.002161,54.50346,0.628097729,-0.606149084,1.243295187,0.575754525,-0.028272344,1.065238411,0.5844893,-0.019452585,1.047274383,0.609080377,-0.129413793,1.05928572,0.620702299,-0.164529661,1.019213885
108,run11-2,run11-2,17,1,1,0.0767,0.0953,0.6023,0.2257,60.87,,9.2462,1.444204,9.065792,1.201516,-2.967389,60.87188,0.625024712,-0.973096448,1.341277721,0.475008188,0.400072054,1.015290382,0.487726156,0.360399045,1.001222693,0.472583889,0.430364323,1.043254529,0.466340815,0.462785942,1.059275651
109,run11-2,run11-2,18,2,1,0.0628,0.1019,0.5044,0.3309,75,,8.9445,1.45714,9.036319,1.357198,-2.82164,74.99837,0.562175858,-0.5128784,1.301246526,0.363466955,0.718625973,0.987293378,0.357160943,0.735524286,1.009246526,0.358028424,0.731551494,0.983254326,0.36078103,0.723245017,1.035249151
110,run11-2,run11-2,19,3,1,0.0462,0.0917,0.3914,0.4706,81.67,,8.541,1.475541,9.012634,1.553858,-2.658111,81.45889,0.464058085,0.056335597,1.301216912,0.299432782,1.086911981,1.001289981,0.291520002,1.08114859,0.993052365,0.294646024,0.9915639,1.04328436,0.31388201,0.877417307,1.057199806
111,run11-2,run11-2,20,-3,0,0.3742,0.1144,0.455,0.0564,42.15,,9.4566,1.426808,9.012486,1.172404,-2.790106,42.15222,0.738583406,-0.665523913,0.291569945,0.704705986,-0.282286679,0.619259702,0.663970873,0.013010417,0.933281664,0.635072549,0.151976885,1.017275805,0.615144673,0.225282671,1.073245202
112,run11-2,run11-2,21,-2,0,0.2761,0.1084,0.5391,0.0763,75.09,,9.494,1.427711,9.038216,1.126782,-2.899786,75.09174,0.743743113,-1.390463322,1.351181355,0.731977634,-0.753032648,1.155215146,0.726137624,-0.566902185,1.123293369,0.722893935,-0.46538763,1.127236097,0.71646472,-0.356043867,1.103269963
113,run11-2,run11-2,22,-1,0,0.1827,0.0979,0.6123,0.1072,52.82,,9.4967,1.430879,9.066591,1.0991,-2.996212,52.81932,0.730594911,-1.688591012,1.361125168,0.704775444,-0.825483111,1.161282517,0.692063742,-0.599451017,1.135247709,0.686926371,-0.485095858,1.099273326,0.680944455,-0.404466371,1.097266037
114,run11-2,run11-2,23,0,0,0.1146,0.0824,0.6623,0.1406,42.43,,9.4626,1.43466,9.088243,1.090694,-3.063096,42.43331,0.703476191,-1.653960437,1.411259434,0.658429871,-0.650174207,1.151278571,0.653278205,-0.553589627,1.129284469,0.647905488,-0.463049054,1.119281542,0.643318343,-0.384853003,1.09321386
115,run11-2,run11-2,24,1,0,0.0795,0.07,0.6574,0.1931,48.5,,9.3412,1.441793,9.096029,1.138204,-3.05476,48.50457,0.65166707,-1.108047979,1.371268812,0.515092135,0.22842235,1.175209781,0.488649504,0.367227174,1.141224818,0.485200558,0.389284823,1.109287292,0.482988705,0.409821138,1.093224818
116,run11-2,run11-2,25,2,0,0.0603,0.0688,0.584,0.2869,56.32,,9.079,1.453687,9.077893,1.267728,-2.945978,56.32063,0.612666085,-0.735162695,1.341275501,0.419613817,0.56974302,1.163232415,0.400901348,0.622660117,1.071238611,0.394346682,0.641666472,1.107293073,0.394609417,0.643068588,1.061296981
117,run11-2,run11-2,26,3,0,0.0512,0.0723,0.4638,0.4127,62.15,,8.7107,1.469614,9.044527,1.456826,-2.769434,62.14824,0.552970457,-0.645184706,1.291288068,0.326536058,0.834019037,1.16127079,0.303890965,0.881027617,1.175288068,0.311480293,0.846179553,1.085294512,0.319257168,0.823350451,1.085255688
118,run11-2,run11-2,27,-3,-1,0.4153,0.0994,0.439,0.0463,46.51,,9.4458,1.427367,9.017365,1.178264,-2.77686,46.51086,0.73123142,-2.434798333,1.391240931,0.719033289,,1.081147444,0.718443106,-2.583980583,1.067294279,0.718152602,-1.521771179,1.067289442,0.716889774,-1.138714588,1.073263629
119,run11-2,run11-2,28,-2,-1,0.3132,0.0937,0.5264,0.0667,53.51,,9.4867,1.428376,9.044701,1.130706,-2.890892,53.50731,0.726904584,-1.335202729,1.281202617,0.726403447,,1.069269287,0.73380922,,1.04327116,0.73531592,,1.07723044,0.733986935,,1.073285981
120,run11-2,run11-2,29,-1,-1,0.2173,0.0732,0.615,0.0945,49.41,,9.4992,1.431507,9.081611,1.090252,-3.011676,49.40656,0.741853489,-1.793017042,1.371246147,0.735806843,,1.067218479,0.745231019,,1.041285376,0.74455513,,0.989295637,0.744249546,,1.015295637
121,run11-2,run11-2,30,0,-1,0.133,0.0667,0.6788,0.1215,42.25,,9.5025,1.433786,9.103137,1.06555,-3.094204,42.25381,0.727464046,-2.035006713,1.451284535,0.707274354,-1.15736779,1.055259605,0.715779469,-1.443781144,1.07528162,0.711372572,-1.213485075,1.075284535,0.710912861,-1.238530621,1.085237464
122,run11-2,run11-2,31,1,-1,0.0874,0.0536,0.6995,0.1595,54.48,,9.4341,1.438731,9.117228,1.082466,-3.121503,54.48041,0.5801169,0.041982881,1.243276301,0.43406695,0.565557836,1.123270635,0.417455102,0.603568781,1.105274394,0.415534928,0.608754736,1.091185591,0.41791629,0.605031218,1.09328006
123,run11-2,run11-2,32,2,-1,0.0609,0.0549,0.6538,0.2304,60.56,,9.2479,1.447327,9.104792,1.172822,-3.051164,60.56258,0.611272922,-0.614405381,1.281288372,0.458481784,0.471183339,1.171279954,0.440979272,0.531053266,1.149225508,0.441377316,0.532996221,1.147286252,0.444368547,0.530974677,1.129235804
124,run11-2,run11-2,33,3,-1,0.0507,0.0578,0.5548,0.3367,66.66,,8.9392,1.460739,9.077327,1.330716,-2.905374,66.66188,0.603784924,-0.93351651,1.341240938,0.376135646,0.682857266,1.205280268,0.346542955,0.754729432,1.175264069,0.340858393,0.765571471,1.167204007,0.346217703,0.750347566,1.157178675
125,run11-2,run11-2,34,-3,-2,0.449,0.0801,0.4301,0.0408,46.62,,9.4286,1.428677,9.026873,1.183152,-2.774077,46.61654,0.747825551,-1.393728003,1.219297501,0.724168581,-1.143793801,1.021294266,0.721088648,-0.990385901,1.049299119,0.718130727,-0.833154674,1.095200241,0.716249094,-0.676744486,1.073289418
126,run11-2,run11-2,35,-2,-2,0.3492,0.0742,0.5168,0.0598,,,9.4714,1.429564,9.05413,1.13502,-2.887472,,,,,,,,,,,,,,,,
127,run11-2,run11-2,36,-1,-2,0.2439,0.0637,0.6061,0.0863,,,9.4972,1.431638,9.085016,1.091608,-3.005155,,,,,,,,,,,,,,,,
128,run11-2,run11-2,37,0,-2,0.1574,0.0507,0.6874,0.1045,,,9.5291,1.433184,9.115209,1.047826,-3.11457,,,,,,,,,,,,,,,,
129,run11-2,run11-2,38,1,-2,0.1003,0.049,0.7185,0.1322,,,9.5031,1.435762,9.124937,1.04721,-3.152147,,,,,,,,,,,,,,,,
130,run11-2,run11-2,39,2,-2,0.0685,0.0464,0.7067,0.1784,,,9.3963,1.441314,9.123825,1.093266,-3.131313,,,,,,,,,,,,,,,,
131,run11-2,run11-2,40,3,-2,0.0554,0.0465,0.6405,0.2577,,,9.1725,1.451496,9.107578,1.205828,-3.033672,,,,,,,,,,,,,,,,
132,run11-2,run11-2,41,-2,-3,0.3802,0.0635,0.5061,0.0501,,,9.4685,1.42953,9.056882,1.136528,-2.879082,,,,,,,,,,,,,,,,
133,run11-2,run11-2,42,-1,-3,0.2754,0.0611,0.5884,0.075,,,9.4986,1.430839,9.08084,1.095882,-2.984417,,,,,,,,,,,,,,,,
134,run11-2,run11-2,43,0,-3,0.1872,0.0526,0.6691,0.0912,,,9.5402,1.43206,9.109853,1.05061,-3.091886,,,,,,,,,,,,,,,,
135,run11-2,run11-2,44,1,-3,0.1196,0.037,0.7293,0.1141,,,9.5381,1.434635,9.135112,1.026418,-3.173869,,,,,,,,,,,,,,,,
136,run11-2,run11-2,45,2,-3,0.0804,0.0385,0.7337,0.1475,,,9.4781,1.43823,9.1366,1.04982,-3.174552,,,,,,,,,,,,,,,,
138,Run12,Run12,1,-2,3,0.1465,0.5444,0.0746,0.2346,,,9.1507,1.415462,8.645856,1.536408,-2.086459,76.6055,0.572656101,-0.422811564,0.919274644,0.457231366,0.439424823,0.859293236,0.438778812,0.517875446,0.871237413,0.437046506,0.531640483,0.849271962,0.434351106,0.545005593,0.831295894
139,Run12,Run12,2,-1,3,0.1082,0.5551,0.0943,0.2423,,,9.1639,1.414664,8.642826,1.526196,-2.106244,74.55309,,,,0.474585813,0.316567634,0.957159095,0.477929645,0.360295034,0.965277932,0.478962012,0.405781668,0.917252062,0.48483238,0.40066851,0.931246844
140,Run12,Run12,3,0,3,0.0808,0.5361,0.1358,0.2474,,,9.178,1.416393,8.667654,1.502522,-2.168325,70.85269,,,,0.472973442,0.28888414,0.953266699,0.468812891,0.350590928,0.903293744,0.480984576,0.356147324,0.877256851,0.483832062,0.383714675,0.905144124
141,Run12,Run12,4,1,3,0.056,0.5051,0.1957,0.2432,,,9.2144,1.417379,8.702109,1.459028,-2.260177,64.30376,0.635104485,-0.937763236,0.751280966,0.526330191,0.105321513,0.939187468,0.512311581,0.21617907,0.88528984,0.508328564,0.262137995,0.86128984,0.507088211,0.295911538,0.833267527
142,Run12,Run12,5,2,3,0.0432,0.4529,0.268,0.2359,,,9.2491,1.419828,8.753921,1.406994,-2.377836,67.34544,,,,0.458452138,0.394949933,0.923217165,0.430944144,0.515136874,0.913298727,0.414899845,0.57628503,0.873298727,0.416336977,0.581142837,0.915289359
143,Run12,Run12,6,-3,2,0.2389,0.4308,0.0492,0.2811,,,8.9178,1.431165,8.708999,1.60816,-2.094162,68.48644,0.564999414,-0.553915617,1.191296329,0.442889395,0.465041109,0.967244047,0.424829505,0.540983523,0.923296329,0.427540461,0.547043745,0.919277331,0.433597469,0.542627989,0.927274934
144,Run12,Run12,7,-2,2,0.1764,0.426,0.0821,0.3154,,,8.8764,1.434568,8.720305,1.611778,-2.13425,61.57811,,,,0.378722264,0.66799288,0.899281773,0.36466757,0.714509365,0.891262499,0.368187286,0.703762838,0.927294563,0.380130718,0.673383979,0.919277462
145,Run12,Run12,8,-1,2,0.1294,0.4334,0.1083,0.3288,,,8.8832,1.434852,8.722925,1.602074,-2.163588,68.79986,0.526680159,-0.717154157,1.171274819,0.383673791,0.646777475,0.947189232,0.368143779,0.704884893,0.907277227,0.3648133,0.713608756,0.939215376,0.370439184,0.69784049,0.911260509
146,Run12,Run12,9,0,2,0.0919,0.4174,0.1613,0.3294,,,8.9199,1.435442,8.748057,1.565722,-2.239879,66.98917,0.548483265,-0.740443175,1.149282449,0.360685696,0.730644589,0.931189468,0.3328871,0.810792654,0.925287138,0.334357039,0.798366405,0.911256926,0.338281693,0.781567936,0.937208225
147,Run12,Run12,10,1,2,0.0624,0.376,0.2307,0.3309,,,8.9449,1.437945,8.792478,1.521362,-2.347971,67.50451,0.562546126,-1.01326024,1.24126591,0.375271312,0.679697344,0.937244849,0.352388744,0.756610258,0.919291697,0.350174043,0.75843752,0.953214269,0.355171255,0.739759015,0.94322372
148,Run12,Run12,11,2,2,0.0447,0.3377,0.3148,0.3028,,film removed ,9.0469,1.436619,8.83865,1.44201,-2.478162,67.92093,0.57210535,-1.453343152,1.281298716,0.390582175,0.626452784,0.967242199,0.364964474,0.714315061,0.955286959,0.364159237,0.715188203,1.013275141,0.368139066,0.703750994,0.947270454
149,Run12,Run12,12,3,2,0.0312,0.2852,0.3979,0.2857,,,9.1117,1.437801,8.893466,1.374186,-2.611467,64.24023,0.582525035,-0.987031215,1.291174089,0.399731079,0.60191292,0.963278736,0.398708419,0.61271458,0.943256445,0.396052656,0.626444821,0.967222912,0.39818098,0.626564672,0.983218415
150,Run12,Run12,13,-3,1,0.267,0.3257,0.0547,0.3526,,,8.6752,1.448379,8.776361,1.676004,-2.135499,63.23111,0.553246794,-0.600280839,1.341232975,0.405133167,0.584442019,0.985274708,0.401456744,0.606580915,0.99724619,0.398026133,0.622846545,1.025232975,0.40829243,0.60171471,0.997162788
151,Run12,Run12,14,-2,1,0.2019,0.3251,0.0794,0.3937,,,8.618,1.452604,8.784709,1.690838,-2.162579,65.97218,0.53190988,-0.53170869,1.281273611,0.359003939,0.735553624,1.003268993,0.351605924,0.754429535,0.971220833,0.351525441,0.750620121,0.987243858,0.359644013,0.725781925,0.979191146
152,Run12,Run12,15,-1,1,0.1513,0.3178,0.1059,0.4251,,,8.5744,1.456185,8.796704,1.69737,-2.195964,72.66528,0.55326114,-1.050610716,1.311207715,0.364813508,0.716598076,0.965293584,0.350446202,0.756641848,1.009243176,0.361327925,0.722557876,1.051270934,0.371681241,0.694699144,1.001283505
153,Run12,Run12,16,0,1,0.109,0.3007,0.1574,0.4329,,,8.5923,1.457408,8.820393,1.667746,-2.269294,82.27236,0.575728085,-0.708937661,1.411195514,0.415426174,0.495981305,1.179193046,0.399957876,0.582431475,1.075261332,0.397549967,0.611658079,1.109275647,0.408189514,0.594062588,1.115287001
154,Run12,Run12,17,1,1,0.0715,0.271,0.2303,0.4273,,,8.6476,1.458151,8.85933,1.613626,-2.378276,70.98387,0.518855743,-0.520546339,1.301291269,0.344855559,0.806629,0.987264153,0.323865286,0.865619402,0.969281402,0.325796458,0.837230159,1.011197783,0.335054499,0.797007741,1.035254357
155,Run12,Run12,18,2,1,0.0474,0.2412,0.3196,0.3919,,,8.7779,1.455153,8.901563,1.523396,-2.512731,82.13746,0.521056478,-0.558793691,1.341218684,0.345209725,0.799852763,0.947272813,0.326813154,0.851814726,1.045261395,0.325613484,0.837269974,1.039187472,0.33449358,0.798655639,1.035175972
156,Run12,Run12,19,3,1,0.0342,0.2018,0.416,0.3479,,,8.9211,1.451643,8.949787,1.42208,-2.661273,69.53129,0.571288069,-1.085572137,1.371183187,0.378579904,0.671659036,1.043284216,0.367684672,0.705624937,1.077235962,0.364181664,0.714490493,1.095296273,0.374874705,0.686913268,1.157180406
157,Run12,Run12,20,-3,0,0.3097,0.2335,0.0468,0.4101,,,8.461,1.463304,8.832863,1.740906,-2.156049,82.01649,,,,0.410473137,0.554191566,1.201164673,0.408039165,0.585219566,1.137244393,0.414701017,0.577968644,1.085264323,0.423098772,0.564656952,1.067162212
158,Run12,Run12,21,-2,0,0.3274,0.2254,0.0686,0.4686,,,9.1668,1.599488,9.64986,1.90576,-2.382094,76.1354,,,,0.372807608,0.688369197,1.179282717,0.359472822,0.732473948,1.12324838,0.374391561,0.6867646,1.147264216,0.376967626,0.680584972,1.119269546
159,Run12,Run12,22,-1,0,0.1704,0.2235,0.0999,0.5062,,,8.311,1.473569,8.853465,1.779744,-2.216131,79.07545,0.479448454,0.132581893,1.381295762,0.340961265,0.823904008,1.209175061,0.33222292,0.828114361,1.197249154,0.339283,0.786971392,1.13728205,0.35670567,0.735685832,1.147271058
160,Run12,Run12,23,0,0,0.1216,0.2101,0.1388,0.5296,,,8.2906,1.476715,8.873406,1.771702,-2.269667,94.00891,0.58426357,-2.216869253,1.521255816,0.419792436,0.533554097,1.371249329,0.419147568,0.561042227,1.381219998,0.414630368,0.584943727,1.401171208,0.435966093,0.541496788,1.381255816
161,Run12,Run12,24,1,0,0.0782,0.1889,0.2009,0.532,,film removed,8.3258,1.477501,8.902445,1.730488,-2.359361,64.85932,,,,0.338510323,0.803726199,1.205265041,0.323265002,0.836325771,1.13924701,0.320042116,0.829254243,1.181235789,0.327812951,0.801508349,1.155192982
162,Run12,Run12,25,2,0,0.057,0.1665,0.2785,0.498,,,8.449,1.474225,8.936945,1.649,-2.475185,74.8877,0.521445325,-0.488662455,1.321298585,0.334065475,0.834263287,1.119267424,0.312359305,0.884298568,1.139277833,0.31599516,0.852240773,1.187165951,0.32366497,0.823868364,1.157275212
163,Run12,Run12,26,3,0,0.0325,0.1485,0.3818,0.4372,,,8.6559,1.467091,8.975388,1.526438,-2.62658,74.91692,0.565863442,-0.853399443,1.37127258,0.346313428,0.780012365,1.121290785,0.329787883,0.822479962,1.177189123,0.326630548,0.819591525,1.13127258,0.332881979,0.796858836,1.157298584
164,Run12,Run12,27,-3,-1,0.3487,0.1658,0.0403,0.4453,,,8.3164,1.473399,8.873434,1.783354,-2.17104,67.20223,0.398439539,0.630501466,1.039222045,0.420291729,0.581824068,1.071280108,0.412536953,0.604653434,1.08523347,0.422640805,0.5865898,1.095254437,0.430998169,0.573481202,1.077270767
165,Run12,Run12,28,-2,-1,0.2591,0.1626,0.0641,0.5142,,,8.1983,1.480646,8.881637,1.821162,-2.193691,72.07521,0.520542622,-0.404215312,1.235281116,0.333196268,0.829198768,1.025231096,0.330693642,0.819219333,1.079266125,0.341855599,0.775185215,1.071263602,0.353374387,0.739965262,1.001293636
166,Run12,Run12,29,-1,-1,0.1853,0.1616,0.0819,0.5712,,,8.1011,1.48665,8.887633,1.85373,-2.209449,81.5971,0.508847428,-0.229851972,1.311247533,0.324492458,0.838139767,1.061111511,0.312811146,0.857847941,1.083256019,0.325367496,0.817471205,1.107264505,0.341189975,0.771429897,1.153202083
167,Run12,Run12,30,0,-1,0.1339,0.1461,0.111,0.609,,,8.0391,1.491621,8.905478,1.864606,-2.248788,84.51942,0.490939506,-0.138504694,1.261236864,0.315336273,0.893297374,0.953286646,0.299828516,0.926270364,1.089254444,0.314979655,0.862164005,0.993274982,0.32164971,0.834943368,1.031298403
168,Run12,Run12,31,1,-1,0.0845,0.1323,0.1546,0.6286,,,8.0297,1.494147,8.926002,1.849954,-2.308956,88.53985,0.569508825,-0.64955051,1.261267594,0.382244498,0.663480171,1.159083077,0.371005471,0.69635035,0.971286011,0.354997611,0.741830632,1.069252277,0.340543396,0.77666293,1.127258386
169,Run12,Run12,32,2,-1,0.0586,0.1262,0.2125,0.6028,,,8.134,1.490844,8.946055,1.78747,-2.391204,,,,,,,,,,,,,,,,
170,Run12,Run12,33,3,-1,0.0384,0.1138,0.3177,0.53,,,8.3706,1.48156,8.979627,1.652822,-2.543966,90.01123,0.49901568,-0.222672655,1.139273357,0.298047225,0.988669726,1.005282718,0.286813187,1.018248724,1.029036267,0.311071848,0.922823967,1.075185686,0.306723585,0.912595517,1.077251484
171,Run12,Run12,34,-3,-2,0.3825,0.1256,0.0314,0.4604,,,8.2353,1.478568,8.894314,1.807352,-2.173701,,,,,,,,,,,,,,,,
173,Run12,Run12,36,-1,-2,0.1988,0.1146,0.0741,0.6124,,,7.963,1.495424,8.914183,1.898894,-2.212978,78.58368,0.497123271,-0.097700434,0.867284912,0.314814309,0.892175829,0.949279411,0.305485065,0.898513281,0.875298515,0.317490424,0.85014905,0.967216701,0.329243099,0.809885766,0.875298515
174,Run12,Run12,37,0,-2,0.1375,0.1015,0.094,0.667,,,7.8615,1.502355,8.92912,1.92983,-2.23713,87.8416,0.50642781,-0.337005899,1.007273999,0.320627589,0.910440659,0.865118168,0.314493353,0.906837998,0.96326785,0.319232144,0.870911882,0.887283134,0.331603468,0.819786664,0.929249579
175,Run12,Run12,38,1,-2,0.0943,0.0959,0.1192,0.6906,,,7.8339,1.504951,8.939632,1.930846,-2.26919,85.05946,0.467092032,0.00786368,0.983271845,0.294224319,1.050304513,0.903298392,0.287435412,1.056470787,0.945145192,0.297994612,0.973945245,0.919215791,0.305879145,0.935006608,0.867180066
176,Run12,Run12,39,2,-2,0.0639,0.0957,0.1638,0.6766,,,7.9063,1.502537,8.951658,1.88667,-2.32966,80.87077,0.501269833,-0.049347335,0.921292859,0.293123,0.980976798,0.95525075,0.293508346,0.989257535,0.95923959,0.302087683,0.938743325,0.979219938,0.313523575,0.884964151,0.987295665
177,Run12,Run12,40,3,-2,0.0411,0.0921,0.2475,0.6193,,,8.101,1.494884,8.975916,1.779396,-2.448841,96.9688,,,,0.304041527,1.144997336,1.033298167,0.31316744,0.952547654,1.107247734,0.316611194,0.923227876,0.943277988,0.337154959,0.815059755,1.195170062
178,Run12,Run12,41,-2,-3,0.305,0.0882,0.0446,0.5621,,,8.0077,1.492857,8.922083,1.88418,-2.192463,,,,,,,,,,,,,,,,
179,Run12,Run12,42,-1,-3,0.2233,0.0864,0.0585,0.6318,,,7.8813,1.500552,8.928545,1.930054,-2.201895,,,,,,,,,,,,,,,,
180,Run12,Run12,43,0,-3,0.1515,0.0731,0.0734,0.7019,,,7.7418,1.509018,8.940619,1.976822,-2.216961,85.67193,0.543566144,-0.655205026,1.207182629,0.329686278,0.840523004,0.989274641,0.32681497,0.832097932,1.135215185,0.339771549,0.782040133,1.155283551,0.365962558,0.7092899,1.151203191
181,Run12,Run12,44,1,-3,0.104,0.0704,0.0958,0.7298,,,7.7066,1.512026,8.949516,1.983092,-2.243758,91.75538,0.487890131,-0.008463348,0.523212282,0.303913333,0.99689549,0.622944907,0.29956549,1.0051169,0.625295082,0.30887773,0.943256555,0.675250544,0.323149859,0.856691992,0.651135758
182,Run12,Run12,45,2,-3,0.0736,0.0714,0.1293,0.7257,,,7.7493,1.510815,8.9579,1.954882,-2.287797,88.52406,0.419950276,0.444202563,1.125258394,0.293203037,1.255556665,1.157298327,0.285634252,1.150931536,1.053295255,0.296919358,0.99757984,1.113122952,0.316199191,0.885462283,1.003298327
